screenName,_id
,8d333785c128153fae600f90ad696261
a608d37e5

usweh05,q3liks3czdxucgk
aceuaer778,f3gl785beiezajm
,a0c47d829e3d0275f83885b69961e681
,d3e2e37d2e14e4e76ecbcacf9283a530
usha11,o1uwradk0wri3yb
kumm000678,5cwopkwvkhixeaq
rl09,vz1evjyj0wk5rvx
wghwwh,qfr7wts6zublfhn
ab789,r2212b1092pci1w
acetest124,r6s6gas560ypp5z
onfi1,kmgfbap7ah2x58n
userj04,41623y2qa26jpra
usha10,zh6iv4q9any2lez
anujij,unlrbgpt0jps2y4
haneesh99,fskep72qmjl1fof
mahan0,3erb9v6lyxbs68l
,309f8ec51cb12687f077814df29c3ae4
,5390566392be8bdc620a18f18150b491
abhi4321,yvi6eptcdxyc6r2
addcash1,9yngcrv1hp38t8l
godfather,gqw3k1rncdb3rnn
rummyl,sgpf2y6fdr8o82g
acetestplatf,70h4rnpuj44xnnw
acetest2231,xpe5ntv6zxz0quq
snow57282,4mezmhaeq5lv1sm
,7fc56fee433f109a063b8fb39edc1a84
raider127273,3xkscqghhk3o0fo
,9669d38a1d9fcb97f5560deca1b695d8
ruby998457,az3drp54b5an7ek
chetan987,eopaik7bvs683j2
testmybest,889e7f5292360821541f21ff0c6ae2f6
shubhnrj,akkch6p9zhqtrio
,7b5448437aa20f743c4c049c6de1c346
,a7f5daca2a34cb7772532e024b815b80
,77003c5a9d2ce17c25fc7b998c5fde80
,45252af1646a420cc34ced72bd9d47ee
,99707cbe028e9c57740f25c61fc716f9
rain115522,00z29o07tyn2qkk
,f5e96e8e3d689ef87834150eb475eb54
haneesh78,76arwmd2hbqmngv
invtest01,zrf8kt1g5r75mp7
,d869c5893ea8c991ea645de33884a86f
,1bec60cf6349db512b74a04bff11f7dd
,098bc5323f9ba35511aef3e141828dcd
balajidev,wqeravlsp5tpbzm
rajugopi16,2ad6ed4ed3e38c56f1cf71f700d84bf9
whiz286468,c0sufwl9zwkap5g
acetest6655,236b3aae04e35e41d46677422eb45eb6
onfi4,jn9arwpqbyu7vwp
,985049e4b7d65c4bfa4b1a80c0caadb1
anddev1003,3jrih12kz66pxsb
